category,positives,positive_rate,threshold,tp,fp,fn,precision,recall,f1,avg_precision
Anti-Assignment,126,0.0568,0.5778,74,5,52,0.9367,0.5873,0.722,0.8093
Cap on Liability,99,0.0447,0.4893,58,5,41,0.9206,0.5859,0.716,0.7957
License Grant,125,0.0564,0.3876,96,28,29,0.7742,0.768,0.7711,0.8397
Audit Rights,74,0.0334,0.2453,55,21,19,0.7237,0.7432,0.7333,0.7663
Post-Termination Services,72,0.0325,0.2447,39,50,33,0.4382,0.5417,0.4845,0.4733
Termination for Convenience,37,0.0167,0.1954,26,35,11,0.4262,0.7027,0.5306,0.5558
Exclusivity,71,0.032,0.1966,43,46,28,0.4831,0.6056,0.5375,0.555
Insurance,61,0.0275,0.1418,48,24,13,0.6667,0.7869,0.7218,0.7695
Minimum Commitment,82,0.037,0.297,38,16,44,0.7037,0.4634,0.5588,0.5715
Revenue/Profit Sharing,74,0.0334,0.4634,36,15,38,0.7059,0.4865,0.576,0.6457
Non-Transferable License,40,0.018,0.3575,20,27,20,0.4255,0.5,0.4598,0.4755
IP Ownership Assignment,55,0.0248,0.1724,27,36,28,0.4286,0.4909,0.4576,0.4755
Non-Compete,59,0.0266,0.1743,33,21,26,0.6111,0.5593,0.5841,0.6533
Change of Control,58,0.0262,0.5234,14,4,44,0.7778,0.2414,0.3684,0.5624
