category,top_ngrams
Anti-Assignment,"assignment, assign, consent, written consent, consent of, without the, may assign, the prior, prior written, be assigned, assign this, void"
Cap on Liability,"damages, consequential, liability, be liable, limitation of, indirect, liable, warranty, special, punitive, of liability, remedy"
License Grant,"grants, license, grants to, hereby grants, license to, non-exclusive, to use, use, grant, a non-exclusive, hereby, royalty-free"
Audit Rights,"audit, records, inspection, inspect, business hours, books, audits, hours, normal business, to inspect, normal, such audit"
Post-Termination Services,"termination, termination of, expiration, of termination, or expiration, termination or, upon termination, inventory, expiration of, is terminated, remaining, terminated"
Termination for Convenience,"termination, terminate, any time, at any, may terminate, terminate this, written notice, agreement at, terminated, termination of, days prior, prior written"
Exclusivity,"exclusive, exclusivity, the exclusive, an exclusive, exclusive right, territory, sell, grant, grants, license, exclusively, products"
Insurance,"insurance, coverage, liability insurance, such insurance, liability, of insurance, insured, maintain, additional insured, general liability, insurance in, policy"
Minimum Commitment,"minimum, the minimum, minimum of, a minimum, least, at least, less than, less, year, annual, 000, volume"
Revenue/Profit Sharing,"royalty, revenue, revenues, royalties, net, share, gross, shall pay, percent, fee, pay, the royalty"
Non-Transferable License,"non-transferable, license, grants, hereby grants, non-exclusive, to use, use the, sublicense, nontransferable, grants to, non-exclusive non-transferable, solely"
IP Ownership Assignment,"assign, assigns, assigned, right title, hereby assigns, assign to, title and, and interest, title, assigns to, hereby, in and"
Non-Compete,"competitive, competitor, competing, competitors, compete, shall not, restrictions, during, products, directly, exclusivity, compete with"
Change of Control,"change of, of control, change, control, a change, merger, terminate, consolidation, merger or, terminate this, event, change in"
